Workbook

Sheet Doctors Information
A1: Doctor ID | B1: Doctor Name | C1: Department | D1: Consultation Fee
A2: D01 | B2: Dr. Ali Khan | C2: Cardiology | D2: 200
A3: D02 | B3: Dr. Sara Ahmed | C3: Neurology | D3: 250
A4: D03 | B4: Dr. Usman Malik | C4: Orthopedic | D4: 220
A5: D04 | B5: Dr. Hina Tariq | C5: Pediatrics | D5: 180
A6: D05 | B6: Dr. Bilal Sheikh | C6: Dermatology | D6: 210
A7: D06 | B7: Dr. Ayesha Noor | C7: Gynecology | D7: 230
A8: D07 | B8: Dr. Hamza Qureshi | C8: ENT | D8: 190
A9: D08 | B9: Dr. Fatima Zahra | C9: Ophthalmology | D9: 205
A10: D09 | B10: Dr. Imran Shah | C10: General Physician | D10: 170
A11: D10 | B11: Dr. Sana Iqbal | C11: Psychiatry | D11: 240

Sheet Appointments
A1: Appointment ID | B1: Patient Name | C1: Doctor ID | D1: Appointment Date | E1: Appointment Time | F1: Arrival Time | G1: Delay (mins) | H1: Status
A2: APT1023 | B2: Ali Raza | C2: D01 | D2: 46024 | E2: 0.375 | F2: 0.375 | G2: =IF(OR(E2="",F2=""),"",MAX(0,(F2-E2)*1440)) -> 0 | H2: =IF(OR(E2="",F2=""),"Missed",IF(G2=0,"On Time","Late")) -> On Time
A3: APT1047 | B3: Sara Khan | C3: D02 | D3: 46025 | E3: 0.39583333 | F3: 0.40277778 | G3: =IF(OR(E3="",F3=""),"",MAX(0,(F3-E3)*1440)) -> 10 | H3: =IF(OR(E3="",F3=""),"Missed",IF(G3=0,"On Time","Late")) -> Late
A4: APT1091 | B4: Ahmed Malik | C4: D03 | D4: 46026 | E4: 0.41666667 | F4: 0.42013889 | G4: =IF(OR(E4="",F4=""),"",MAX(0,(F4-E4)*1440)) -> 5 | H4: =IF(OR(E4="",F4=""),"Missed",IF(G4=0,"On Time","Late")) -> Late
A5: APT1105 | B5: Hina Sheikh | C5: D04 | D5: 46027 | E5: 0.4375 | F5: 0.4375 | G5: =IF(OR(E5="",F5=""),"",MAX(0,(F5-E5)*1440)) -> 0 | H5: =IF(OR(E5="",F5=""),"Missed",IF(G5=0,"On Time","Late")) -> On Time
A6: APT1132 | B6: Usman Tariq | C6: D05 | D6: 46028 | E6: 0.45833333 | F6: 0.46875 | G6: =IF(OR(E6="",F6=""),"",MAX(0,(F6-E6)*1440)) -> 15 | H6: =IF(OR(E6="",F6=""),"Missed",IF(G6=0,"On Time","Late")) -> Late
A7: APT1159 | B7: Ayesha Iqbal | C7: D06 | D7: 46029 | E7: 0.47916667 | G7: =IF(OR(E7="",F7=""),"",MAX(0,(F7-E7)*1440)) | H7: =IF(OR(E7="",F7=""),"Missed",IF(G7=0,"On Time","Late")) -> Missed
A8: APT1184 | B8: Bilal Hussain | C8: D07 | D8: 46030 | E8: 0.5 | F8: 0.5 | G8: =IF(OR(E8="",F8=""),"",MAX(0,(F8-E8)*1440)) -> 0 | H8: =IF(OR(E8="",F8=""),"Missed",IF(G8=0,"On Time","Late")) -> On Time
A9: APT1201 | B9: Fatima Noor | C9: D08 | D9: 46031 | E9: 0.52083333 | F9: 0.53125 | G9: =IF(OR(E9="",F9=""),"",MAX(0,(F9-E9)*1440)) -> 15 | H9: =IF(OR(E9="",F9=""),"Missed",IF(G9=0,"On Time","Late")) -> Late
A10: APT1236 | B10: Hamza Ali | C10: D09 | D10: 46032 | E10: 0.041666667 | G10: =IF(OR(E10="",F10=""),"",MAX(0,(F10-E10)*1440)) | H10: =IF(OR(E10="",F10=""),"Missed",IF(G10=0,"On Time","Late")) -> Missed
A11: APT1260 | B11: Zainab Shah | C11: D10 | D11: 46033 | E11: 1:30: | G11: =IF(OR(E11="",F11=""),"",MAX(0,(F11-E11)*1440)) | H11: =IF(OR(E11="",F11=""),"Missed",IF(G11=0,"On Time","Late")) -> Missed

Sheet Billing
A1: Appointment ID | B1: Appointment Date | C1: Patient Name | D1: Doctor ID | E1: Doctor Fee | F1: Total Bill
A2: APT1023 | B2: =VLOOKUP(A2,Appointments!A:H,4,FALSE) -> 46024 | C2: =VLOOKUP(A2,Appointments!A:H,2,FALSE) -> Ali Raza | D2: =VLOOKUP(A2,Appointments!A:H,3,FALSE) -> D01 | E2: =VLOOKUP(D2,'Doctors Information'!A:D,4,FALSE) -> 200 | F2: =E2 -> 200
A3: APT1047 | B3: =VLOOKUP(A3,Appointments!A:H,4,FALSE) -> 46025 | C3: =VLOOKUP(A3,Appointments!A:H,2,FALSE) -> Sara Khan | D3: =VLOOKUP(A3,Appointments!A:H,3,FALSE) -> D02 | E3: =VLOOKUP(D3,'Doctors Information'!A:D,4,FALSE) -> 250 | F3: =E3 -> 250
A4: APT1091 | B4: =VLOOKUP(A4,Appointments!A:H,4,FALSE) -> 46026 | C4: =VLOOKUP(A4,Appointments!A:H,2,FALSE) -> Ahmed Malik | D4: =VLOOKUP(A4,Appointments!A:H,3,FALSE) -> D03 | E4: =VLOOKUP(D4,'Doctors Information'!A:D,4,FALSE) -> 220 | F4: =E4 -> 220
A5: APT1105 | B5: =VLOOKUP(A5,Appointments!A:H,4,FALSE) -> 46027 | C5: =VLOOKUP(A5,Appointments!A:H,2,FALSE) -> Hina Sheikh | D5: =VLOOKUP(A5,Appointments!A:H,3,FALSE) -> D04 | E5: =VLOOKUP(D5,'Doctors Information'!A:D,4,FALSE) -> 180 | F5: =E5 -> 180
A6: APT1132 | B6: =VLOOKUP(A6,Appointments!A:H,4,FALSE) -> 46028 | C6: =VLOOKUP(A6,Appointments!A:H,2,FALSE) -> Usman Tariq | D6: =VLOOKUP(A6,Appointments!A:H,3,FALSE) -> D05 | E6: =VLOOKUP(D6,'Doctors Information'!A:D,4,FALSE) -> 210 | F6: =E6 -> 210
A7: APT1159 | B7: =VLOOKUP(A7,Appointments!A:H,4,FALSE) -> 46029 | C7: =VLOOKUP(A7,Appointments!A:H,2,FALSE) -> Ayesha Iqbal | D7: =VLOOKUP(A7,Appointments!A:H,3,FALSE) -> D06 | E7: =VLOOKUP(D7,'Doctors Information'!A:D,4,FALSE) -> 230 | F7: =E7 -> 230
A8: APT1184 | B8: =VLOOKUP(A8,Appointments!A:H,4,FALSE) -> 46030 | C8: =VLOOKUP(A8,Appointments!A:H,2,FALSE) -> Bilal Hussain | D8: =VLOOKUP(A8,Appointments!A:H,3,FALSE) -> D07 | E8: =VLOOKUP(D8,'Doctors Information'!A:D,4,FALSE) -> 190 | F8: =E8 -> 190
A9: APT1201 | B9: =VLOOKUP(A9,Appointments!A:H,4,FALSE) -> 46031 | C9: =VLOOKUP(A9,Appointments!A:H,2,FALSE) -> Fatima Noor | D9: =VLOOKUP(A9,Appointments!A:H,3,FALSE) -> D08 | E9: =VLOOKUP(D9,'Doctors Information'!A:D,4,FALSE) -> 205 | F9: =E9 -> 205
A10: APT1236 | B10: =VLOOKUP(A10,Appointments!A:H,4,FALSE) -> 46032 | C10: =VLOOKUP(A10,Appointments!A:H,2,FALSE) -> Hamza Ali | D10: =VLOOKUP(A10,Appointments!A:H,3,FALSE) -> D09 | E10: =VLOOKUP(D10,'Doctors Information'!A:D,4,FALSE) -> 170 | F10: =E10 -> 170
A11: APT1260 | B11: =VLOOKUP(A11,Appointments!A:H,4,FALSE) -> 46033 | C11: =VLOOKUP(A11,Appointments!A:H,2,FALSE) -> Zainab Shah | D11: =VLOOKUP(A11,Appointments!A:H,3,FALSE) -> D10 | E11: =VLOOKUP(D11,'Doctors Information'!A:D,4,FALSE) -> 240 | F11: =E11 -> 240

Sheet Daily Revenue Summary
A1: Date | B1: Total Patients | C1: Total Revenue
A2: {=UNIQUE(Billing!B2:B1000)} -> 46024 | B2: =COUNTIF(Billing!B:B,A2) -> 1 | C2: =SUMIF(Billing!B:B,A2,Billing!F:F) -> 200
A3: 46025 | B3: =COUNTIF(Billing!B:B,A3) -> 1 | C3: =SUMIF(Billing!B:B,A3,Billing!F:F) -> 250
A4: 46026 | B4: =COUNTIF(Billing!B:B,A4) -> 1 | C4: =SUMIF(Billing!B:B,A4,Billing!F:F) -> 220
A5: 46027 | B5: =COUNTIF(Billing!B:B,A5) -> 1 | C5: =SUMIF(Billing!B:B,A5,Billing!F:F) -> 180
A6: 46028 | B6: =COUNTIF(Billing!B:B,A6) -> 1 | C6: =SUMIF(Billing!B:B,A6,Billing!F:F) -> 210
A7: 46029 | B7: =COUNTIF(Billing!B:B,A7) -> 1 | C7: =SUMIF(Billing!B:B,A7,Billing!F:F) -> 230
A8: 46030 | B8: =COUNTIF(Billing!B:B,A8) -> 1 | C8: =SUMIF(Billing!B:B,A8,Billing!F:F) -> 190
A9: 46031 | B9: =COUNTIF(Billing!B:B,A9) -> 1 | C9: =SUMIF(Billing!B:B,A9,Billing!F:F) -> 205
A10: 46032 | B10: =COUNTIF(Billing!B:B,A10) -> 1 | C10: =SUMIF(Billing!B:B,A10,Billing!F:F) -> 170
A11: 46033 | B11: =COUNTIF(Billing!B:B,A11) -> 1 | C11: =SUMIF(Billing!B:B,A11,Billing!F:F) -> 240

Sheet Doctor-wise Performance Dashboa
A1: Doctor Name | B1: Total Patients | C1: Total Revenue
A2: ='Doctors Information'!B2:B1000 -> Dr. Ali Khan | B2: {=COUNTIF(Billing!D:D, XLOOKUP(A2,'Doctors Information'!B:B,'Doctors Information'!A:A))} -> 1 | C2: {=SUMIF(Billing!D:D, XLOOKUP(A2,'Doctors Information'!B:B,'Doctors Information'!A:A), Billing!F:F)} -> 200
A3: ='Doctors Information'!B3:B1000 -> Dr. Sara Ahmed | B3: {=COUNTIF(Billing!D:D, XLOOKUP(A2,'Doctors Information'!B:B,'Doctors Information'!A:A))} -> 1 | C3: {=SUMIF(Billing!D:D, XLOOKUP(A3,'Doctors Information'!B:B,'Doctors Information'!A:A), Billing!F:F)} -> 250
A4: ='Doctors Information'!B4:B1000 -> Dr. Usman Malik | B4: {=COUNTIF(Billing!D:D, XLOOKUP(A3,'Doctors Information'!B:B,'Doctors Information'!A:A))} -> 1 | C4: {=SUMIF(Billing!D:D, XLOOKUP(A4,'Doctors Information'!B:B,'Doctors Information'!A:A), Billing!F:F)} -> 220
A5: ='Doctors Information'!B5:B1000 -> Dr. Hina Tariq | B5: {=COUNTIF(Billing!D:D, XLOOKUP(A4,'Doctors Information'!B:B,'Doctors Information'!A:A))} -> 1 | C5: {=SUMIF(Billing!D:D, XLOOKUP(A5,'Doctors Information'!B:B,'Doctors Information'!A:A), Billing!F:F)} -> 180
A6: ='Doctors Information'!B6:B1000 -> Dr. Bilal Sheikh | B6: {=COUNTIF(Billing!D:D, XLOOKUP(A5,'Doctors Information'!B:B,'Doctors Information'!A:A))} -> 1 | C6: {=SUMIF(Billing!D:D, XLOOKUP(A6,'Doctors Information'!B:B,'Doctors Information'!A:A), Billing!F:F)} -> 210
A7: ='Doctors Information'!B7:B1000 -> Dr. Ayesha Noor | B7: {=COUNTIF(Billing!D:D, XLOOKUP(A6,'Doctors Information'!B:B,'Doctors Information'!A:A))} -> 1 | C7: {=SUMIF(Billing!D:D, XLOOKUP(A7,'Doctors Information'!B:B,'Doctors Information'!A:A), Billing!F:F)} -> 230
A8: ='Doctors Information'!B8:B1000 -> Dr. Hamza Qureshi | B8: {=COUNTIF(Billing!D:D, XLOOKUP(A7,'Doctors Information'!B:B,'Doctors Information'!A:A))} -> 1 | C8: {=SUMIF(Billing!D:D, XLOOKUP(A8,'Doctors Information'!B:B,'Doctors Information'!A:A), Billing!F:F)} -> 190
A9: ='Doctors Information'!B9:B1000 -> Dr. Fatima Zahra | B9: {=COUNTIF(Billing!D:D, XLOOKUP(A8,'Doctors Information'!B:B,'Doctors Information'!A:A))} -> 1 | C9: {=SUMIF(Billing!D:D, XLOOKUP(A9,'Doctors Information'!B:B,'Doctors Information'!A:A), Billing!F:F)} -> 205
A10: ='Doctors Information'!B10:B1000 -> Dr. Imran Shah | B10: {=COUNTIF(Billing!D:D, XLOOKUP(A9,'Doctors Information'!B:B,'Doctors Information'!A:A))} -> 1 | C10: {=SUMIF(Billing!D:D, XLOOKUP(A10,'Doctors Information'!B:B,'Doctors Information'!A:A), Billing!F:F)} -> 170
A11: ='Doctors Information'!B11:B1000 -> Dr. Sana Iqbal | B11: {=COUNTIF(Billing!D:D, XLOOKUP(A10,'Doctors Information'!B:B,'Doctors Information'!A:A))} -> 1 | C11: {=SUMIF(Billing!D:D, XLOOKUP(A11,'Doctors Information'!B:B,'Doctors Information'!A:A), Billing!F:F)} -> 240
